'114', 'Australian Collectors, Co.', 'Australia', 'Sydney'
'276', 'Anna\'s Decorations, Ltd', 'Australia', 'Sydney'
'282', 'Souveniers And Things Co.', 'Australia', 'Sydney'
'333', 'Australian Gift Network, Co', 'Australia', 'Sydney'
'471', 'Australian Collectables, Ltd', 'Australia', 'Sydney'
'166', 'Handji Gifts& Co', 'Singapore', 'Sydney'
'323', 'Down Under Souveniers, Inc', 'New Zealand', 'Sydney'
'357', 'GiftsForHim.com', 'New Zealand', 'Sydney'
'412', 'Extreme Desk Decorations, Ltd', 'New Zealand', 'Sydney'
'496', 'Kelly\'s Gift Shop', 'New Zealand', 'Sydney'

